{"total": 9707, "correct_argmax_based_count": 6657, "no_option_in_argmax_count": 180, "correct_logit_based_count": 6735, "accuracy": 0.6938291954259812, "success_rate": 0.695065416709591, "total_per_class": {"A": 4853, "B": 4854}, "correct_per_class": {"A": 4591, "B": 2144}, "accuracy_per_class": {"A": 0.94601277560272, "B": 0.44169756901524515}}