{"total": 9707, "correct_argmax_based_count": 4855, "no_option_in_argmax_count": 7, "correct_logit_based_count": 4855, "accuracy": 0.5001545276604512, "success_rate": 0.500515092201504, "total_per_class": {"A": 4853, "B": 4854}, "correct_per_class": {"A": 1, "B": 4854}, "accuracy_per_class": {"A": 0.000206058108386565, "B": 1.0}}