{"total": 9383, "correct_argmax_based_count": 4285, "no_option_in_argmax_count": 0, "correct_logit_based_count": 4285, "accuracy": 0.45667696898646487, "success_rate": 0.45667696898646487, "total_per_class": {"A": 4691, "B": 4692}, "correct_per_class": {"A": 565, "B": 3720}, "accuracy_per_class": {"A": 0.12044340225964613, "B": 0.7928388746803069}}