{"total": 9384, "correct_argmax_based_count": 1, "no_option_in_argmax_count": 9383, "correct_logit_based_count": 5684, "accuracy": 0.6057118499573743, "success_rate": 0.5000532821824382, "total_per_class": {"B": 4692, "A": 4692}, "correct_per_class": {"B": 1992, "A": 3692}, "accuracy_per_class": {"B": 0.42455242966751916, "A": 0.7868712702472294}}