{"total": 9384, "correct_argmax_based_count": 7139, "no_option_in_argmax_count": 0, "correct_logit_based_count": 7139, "accuracy": 0.7607630008525149, "success_rate": 0.7607630008525149, "total_per_class": {"B": 4692, "A": 4692}, "correct_per_class": {"B": 2969, "A": 4170}, "accuracy_per_class": {"B": 0.6327791986359761, "A": 0.8887468030690537}}