{"total": 9928, "correct_argmax_based_count": 0, "no_option_in_argmax_count": 9925, "correct_logit_based_count": 5337, "accuracy": 0.5375705076551168, "success_rate": 0.4998489121676068, "total_per_class": {"B": 4964, "A": 4964}, "correct_per_class": {"B": 628, "A": 4709}, "accuracy_per_class": {"B": 0.12651087832393232, "A": 0.9486301369863014}}