{"total": 9383, "correct_argmax_based_count": 6480, "no_option_in_argmax_count": 487, "correct_logit_based_count": 6796, "accuracy": 0.7242886070553128, "success_rate": 0.7165618672066503, "total_per_class": {"A": 4691, "B": 4692}, "correct_per_class": {"A": 4352, "B": 2444}, "accuracy_per_class": {"A": 0.9277339586442124, "B": 0.5208866155157715}}