{"total": 9383, "correct_argmax_based_count": 4684, "no_option_in_argmax_count": 1, "correct_logit_based_count": 4684, "accuracy": 0.49920068208462115, "success_rate": 0.49925396994564636, "total_per_class": {"A": 4691, "B": 4692}, "correct_per_class": {"A": 3, "B": 4681}, "accuracy_per_class": {"A": 0.0006395224898742272, "B": 0.9976555839727195}}