{"total": 9928, "correct_argmax_based_count": 8453, "no_option_in_argmax_count": 0, "correct_logit_based_count": 8453, "accuracy": 0.8514302981466559, "success_rate": 0.8514302981466559, "total_per_class": {"B": 4964, "A": 4964}, "correct_per_class": {"B": 4244, "A": 4209}, "accuracy_per_class": {"B": 0.854955680902498, "A": 0.8479049153908138}}