{"total": 9928, "correct_argmax_based_count": 7444, "no_option_in_argmax_count": 408, "correct_logit_based_count": 7708, "accuracy": 0.7763900080580177, "success_rate": 0.7703464947622884, "total_per_class": {"B": 4964, "A": 4964}, "correct_per_class": {"B": 3120, "A": 4588}, "accuracy_per_class": {"B": 0.628525382755842, "A": 0.9242546333601934}}