{"total": 9928, "correct_argmax_based_count": 8021, "no_option_in_argmax_count": 0, "correct_logit_based_count": 8021, "accuracy": 0.8079170024174053, "success_rate": 0.8079170024174053, "total_per_class": {"B": 4964, "A": 4964}, "correct_per_class": {"B": 3665, "A": 4356}, "accuracy_per_class": {"B": 0.7383158742949234, "A": 0.8775181305398871}}