{"total": 9928, "correct_argmax_based_count": 381, "no_option_in_argmax_count": 9183, "correct_logit_based_count": 5034, "accuracy": 0.5070507655116842, "success_rate": 0.5008561643835616, "total_per_class": {"B": 4964, "A": 4964}, "correct_per_class": {"B": 824, "A": 4210}, "accuracy_per_class": {"B": 0.16599516518936341, "A": 0.8481063658340048}}