{"total": 10053, "correct_argmax_based_count": 6775, "no_option_in_argmax_count": 0, "correct_logit_based_count": 6775, "accuracy": 0.6739281806425943, "success_rate": 0.6739281806425943, "total_per_class": {"B": 5027, "A": 5026}, "correct_per_class": {"B": 2233, "A": 4542}, "accuracy_per_class": {"B": 0.4442013129102845, "A": 0.9037007560684441}}