{"total": 10053, "correct_argmax_based_count": 0, "no_option_in_argmax_count": 10053, "correct_logit_based_count": 5392, "accuracy": 0.5363573062767333, "success_rate": 0.5, "total_per_class": {"B": 5027, "A": 5026}, "correct_per_class": {"B": 687, "A": 4705}, "accuracy_per_class": {"B": 0.1366620250646509, "A": 0.9361321130123359}}