{"total": 9383, "correct_argmax_based_count": 6793, "no_option_in_argmax_count": 0, "correct_logit_based_count": 6793, "accuracy": 0.7239688798891613, "success_rate": 0.7239688798891613, "total_per_class": {"A": 4691, "B": 4692}, "correct_per_class": {"A": 2255, "B": 4538}, "accuracy_per_class": {"A": 0.4807077382221275, "B": 0.9671781756180733}}