{"total": 9928, "correct_argmax_based_count": 5197, "no_option_in_argmax_count": 3693, "correct_logit_based_count": 8088, "accuracy": 0.814665592264303, "success_rate": 0.7094580983078163, "total_per_class": {"B": 4964, "A": 4964}, "correct_per_class": {"B": 4681, "A": 3407}, "accuracy_per_class": {"B": 0.9429895245769541, "A": 0.6863416599516519}}