{"total": 9383, "correct_argmax_based_count": 7338, "no_option_in_argmax_count": 0, "correct_logit_based_count": 7338, "accuracy": 0.782052648406693, "success_rate": 0.782052648406693, "total_per_class": {"A": 4691, "B": 4692}, "correct_per_class": {"A": 3948, "B": 3390}, "accuracy_per_class": {"A": 0.841611596674483, "B": 0.7225063938618926}}