{"total": 10053, "correct_argmax_based_count": 5019, "no_option_in_argmax_count": 0, "correct_logit_based_count": 5019, "accuracy": 0.4992539540435691, "success_rate": 0.4992539540435691, "total_per_class": {"B": 5027, "A": 5026}, "correct_per_class": {"B": 5018, "A": 1}, "accuracy_per_class": {"B": 0.9982096677939128, "A": 0.00019896538002387584}}