{"total": 10053, "correct_argmax_based_count": 2404, "no_option_in_argmax_count": 6794, "correct_logit_based_count": 7066, "accuracy": 0.7028747637521138, "success_rate": 0.577041679100766, "total_per_class": {"B": 5027, "A": 5026}, "correct_per_class": {"B": 3770, "A": 3296}, "accuracy_per_class": {"B": 0.7499502685498309, "A": 0.6557898925586948}}