{"total": 9384, "correct_argmax_based_count": 3990, "no_option_in_argmax_count": 0, "correct_logit_based_count": 3990, "accuracy": 0.4251918158567775, "success_rate": 0.4251918158567775, "total_per_class": {"B": 4692, "A": 4692}, "correct_per_class": {"B": 2474, "A": 1516}, "accuracy_per_class": {"B": 0.5272804774083546, "A": 0.32310315430520037}}