{"total": 9707, "correct_argmax_based_count": 7029, "no_option_in_argmax_count": 0, "correct_logit_based_count": 7029, "accuracy": 0.7241166168744205, "success_rate": 0.7241166168744205, "total_per_class": {"A": 4853, "B": 4854}, "correct_per_class": {"A": 3066, "B": 3963}, "accuracy_per_class": {"A": 0.6317741603132083, "B": 0.8164400494437577}}