{"total": 9928, "correct_argmax_based_count": 4445, "no_option_in_argmax_count": 0, "correct_logit_based_count": 4445, "accuracy": 0.447723609991942, "success_rate": 0.447723609991942, "total_per_class": {"B": 4964, "A": 4964}, "correct_per_class": {"B": 3950, "A": 495}, "accuracy_per_class": {"B": 0.7957292506043513, "A": 0.09971796937953263}}