{"total": 9383, "correct_argmax_based_count": 3732, "no_option_in_argmax_count": 5011, "correct_logit_based_count": 7580, "accuracy": 0.807843973142918, "success_rate": 0.6647660662900992, "total_per_class": {"A": 4691, "B": 4692}, "correct_per_class": {"A": 3195, "B": 4385}, "accuracy_per_class": {"A": 0.681091451716052, "B": 0.9345694799658995}}