{"total": 9384, "correct_argmax_based_count": 4719, "no_option_in_argmax_count": 2, "correct_logit_based_count": 4719, "accuracy": 0.5028772378516624, "success_rate": 0.5029838022165388, "total_per_class": {"B": 4692, "A": 4692}, "correct_per_class": {"B": 4661, "A": 58}, "accuracy_per_class": {"B": 0.9933930093776641, "A": 0.0123614663256607}}